{"version":"1.4.0","project":{"name":"scalation_2_d5c0a6989e","directory":"/Users/majewska/Documents/scalation_2.0/.scala-build","workspaceDir":"/Users/majewska/Documents/scalation_2.0","sources":["/Users/majewska/Documents/scalation_2.0/src/main/scala/scalation/BiMap.scala","/Users/majewska/Documents/scalation_2.0/src/main/scala/scalation/Bool.scala","/Users/majewska/Documents/scalation_2.0/src/main/scala/scalation/Calc.scala","/Users/majewska/Documents/scalation_2.0/src/main/scala/scalation/CircularQueue.scala","/Users/majewska/Documents/scalation_2.0/src/main/scala/scalation/CommonFunctions.scala","/Users/majewska/Documents/scalation_2.0/src/main/scala/scalation/Coordinates.scala","/Users/majewska/Documents/scalation_2.0/src/main/scala/scalation/Counter.scala","/Users/majewska/Documents/scalation_2.0/src/main/scala/scalation/DoublyLinkedList.scala","/Users/majewska/Documents/scalation_2.0/src/main/scala/scalation/EasyWriter.scala","/Users/majewska/Documents/scalation_2.0/src/main/scala/scalation/Fib.scala","/Users/majewska/Documents/scalation_2.0/src/main/scala/scalation/FileReader.scala","/Users/majewska/Documents/scalation_2.0/src/main/scala/scalation/GenIndexHtml.scala","/Users/majewska/Documents/scalation_2.0/src/main/scala/scalation/HyperParameter.scala","/Users/majewska/Documents/scalation_2.0/src/main/scala/scalation/LatLong.scala","/Users/majewska/Documents/scalation_2.0/src/main/scala/scalation/Make_VectorI.scala","/Users/majewska/Documents/scalation_2.0/src/main/scala/scalation/MergeSortIndirect.scala","/Users/majewska/Documents/scalation_2.0/src/main/scala/scalation/MultiArrayDeque.scala","/Users/majewska/Documents/scalation_2.0/src/main/scala/scalation/PriorityQueue.scala","/Users/majewska/Documents/scalation_2.0/src/main/scala/scalation/Ring.scala","/Users/majewska/Documents/scalation_2.0/src/main/scala/scalation/SetExt.scala","/Users/majewska/Documents/scalation_2.0/src/main/scala/scalation/SimpleUniform.scala","/Users/majewska/Documents/scalation_2.0/src/main/scala/scalation/SkipList.scala","/Users/majewska/Documents/scalation_2.0/src/main/scala/scalation/TimeNum.scala","/Users/majewska/Documents/scalation_2.0/src/main/scala/scalation/Timer.scala","/Users/majewska/Documents/scalation_2.0/src/main/scala/scalation/Unicode.scala","/Users/majewska/Documents/scalation_2.0/src/main/scala/scalation/Util.scala","/Users/majewska/Documents/scalation_2.0/src/main/scala/scalation/ValueType.scala","/Users/majewska/Documents/scalation_2.0/src/main/scala/scalation/animation/AnimateCommand.scala","/Users/majewska/Documents/scalation_2.0/src/main/scala/scalation/animation/Animator.scala","/Users/majewska/Documents/scalation_2.0/src/main/scala/scalation/animation/DgAnimator.scala","/Users/majewska/Documents/scalation_2.0/src/main/scala/scalation/animation/Dgraph.scala","/Users/majewska/Documents/scalation_2.0/src/main/scala/scalation/animation/PointOn.scala","/Users/majewska/Documents/scalation_2.0/src/main/scala/scalation/animation/SimpleAnimator.scala","/Users/majewska/Documents/scalation_2.0/src/main/scala/scalation/animation/SimpleAnimator2.scala","/Users/majewska/Documents/scalation_2.0/src/main/scala/scalation/calculus/AutoDiff.scala","/Users/majewska/Documents/scalation_2.0/src/main/scala/scalation/calculus/B_Spline.scala","/Users/majewska/Documents/scalation_2.0/src/main/scala/scalation/calculus/BasisFunction.scala","/Users/majewska/Documents/scalation_2.0/src/main/scala/scalation/calculus/DB_Spline.scala","/Users/majewska/Documents/scalation_2.0/src/main/scala/scalation/calculus/DBasisFunction.scala","/Users/majewska/Documents/scalation_2.0/src/main/scala/scalation/calculus/DFourier.scala","/Users/majewska/Documents/scalation_2.0/src/main/scala/scalation/calculus/DRadial.scala","/Users/majewska/Documents/scalation_2.0/src/main/scala/scalation/calculus/Differential.scala","/Users/majewska/Documents/scalation_2.0/src/main/scala/scalation/calculus/FFT.scala","/Users/majewska/Documents/scalation_2.0/src/main/scala/scalation/calculus/Fourier.scala","/Users/majewska/Documents/scalation_2.0/src/main/scala/scalation/calculus/Hilbert.scala","/Users/majewska/Documents/scalation_2.0/src/main/scala/scalation/calculus/Integral.scala","/Users/majewska/Documents/scalation_2.0/src/main/scala/scalation/calculus/Poly.scala","/Users/majewska/Documents/scalation_2.0/src/main/scala/scalation/calculus/Radial.scala","/Users/majewska/Documents/scalation_2.0/src/main/scala/scalation/database/BinTree.scala","/Users/majewska/Documents/scalation_2.0/src/main/scala/scalation/database/BpNode.scala","/Users/majewska/Documents/scalation_2.0/src/main/scala/scalation/database/BpTreeMap.scala","/Users/majewska/Documents/scalation_2.0/src/main/scala/scalation/database/Identifiable.scala","/Users/majewska/Documents/scalation_2.0/src/main/scala/scalation/database/JavaMap.scala","/Users/majewska/Documents/scalation_2.0/src/main/scala/scalation/database/KeyType.scala","/Users/majewska/Documents/scalation_2.0/src/main/scala/scalation/database/LinHashMap.scala","/Users/majewska/Documents/scalation_2.0/src/main/scala/scalation/database/MakeSchema.scala","/Users/majewska/Documents/scalation_2.0/src/main/scala/scalation/database/MinSpanningTree.scala","/Users/majewska/Documents/scalation_2.0/src/main/scala/scalation/database/MultiMap.scala","/Users/majewska/Documents/scalation_2.0/src/main/scala/scalation/database/Normalization.scala","/Users/majewska/Documents/scalation_2.0/src/main/scala/scalation/database/SpanningTree.scala","/Users/majewska/Documents/scalation_2.0/src/main/scala/scalation/database/Spatial.scala","/Users/majewska/Documents/scalation_2.0/src/main/scala/scalation/database/TNode.scala","/Users/majewska/Documents/scalation_2.0/src/main/scala/scalation/database/Tabular.scala","/Users/majewska/Documents/scalation_2.0/src/main/scala/scalation/database/Temporal.scala","/Users/majewska/Documents/scalation_2.0/src/main/scala/scalation/database/TimeInterval.scala","/Users/majewska/Documents/scalation_2.0/src/main/scala/scalation/database/TimeOfWeek.scala","/Users/majewska/Documents/scalation_2.0/src/main/scala/scalation/database/Tree.scala","/Users/majewska/Documents/scalation_2.0/src/main/scala/scalation/database/graph/Edge.scala","/Users/majewska/Documents/scalation_2.0/src/main/scala/scalation/database/graph/EdgeType.scala","/Users/majewska/Documents/scalation_2.0/src/main/scala/scalation/database/graph/PGraph.scala","/Users/majewska/Documents/scalation_2.0/src/main/scala/scalation/database/graph/Topological.scala","/Users/majewska/Documents/scalation_2.0/src/main/scala/scalation/database/graph/Vertex.scala","/Users/majewska/Documents/scalation_2.0/src/main/scala/scalation/database/graph/VertexType.scala","/Users/majewska/Documents/scalation_2.0/src/main/scala/scalation/database/graph_pm/DualIso.scala","/Users/majewska/Documents/scalation_2.0/src/main/scala/scalation/database/graph_pm/DualSim.scala","/Users/majewska/Documents/scalation_2.0/src/main/scala/scalation/database/graph_pm/ExampleGraphD.scala","/Users/majewska/Documents/scalation_2.0/src/main/scala/scalation/database/graph_pm/ExampleGraphS.scala","/Users/majewska/Documents/scalation_2.0/src/main/scala/scalation/database/graph_pm/Graph.scala","/Users/majewska/Documents/scalation_2.0/src/main/scala/scalation/database/graph_pm/Graph0.scala","/Users/majewska/Documents/scalation_2.0/src/main/scala/scalation/database/graph_pm/GraphDFS.scala","/Users/majewska/Documents/scalation_2.0/src/main/scala/scalation/database/graph_pm/GraphGen.scala","/Users/majewska/Documents/scalation_2.0/src/main/scala/scalation/database/graph_pm/GraphIO.scala","/Users/majewska/Documents/scalation_2.0/src/main/scala/scalation/database/graph_pm/GraphMatcher.scala","/Users/majewska/Documents/scalation_2.0/src/main/scala/scalation/database/graph_pm/GraphMetrics.scala","/Users/majewska/Documents/scalation_2.0/src/main/scala/scalation/database/graph_pm/GraphSim.scala","/Users/majewska/Documents/scalation_2.0/src/main/scala/scalation/database/graph_pm/MatchAnswers.scala","/Users/majewska/Documents/scalation_2.0/src/main/scala/scalation/database/graph_pm/ShortestPath.scala","/Users/majewska/Documents/scalation_2.0/src/main/scala/scalation/database/graph_pm/TopSort.scala","/Users/majewska/Documents/scalation_2.0/src/main/scala/scalation/database/graph_relation/VertexType.scala","/Users/majewska/Documents/scalation_2.0/src/main/scala/scalation/database/logic/SATsolver.scala","/Users/majewska/Documents/scalation_2.0/src/main/scala/scalation/database/mugraph_pm/ExampleMuGraphD.scala","/Users/majewska/Documents/scalation_2.0/src/main/scala/scalation/database/mugraph_pm/ExampleMuGraphS.scala","/Users/majewska/Documents/scalation_2.0/src/main/scala/scalation/database/mugraph_pm/MatchAnswers.scala","/Users/majewska/Documents/scalation_2.0/src/main/scala/scalation/database/mugraph_pm/MuDualIso.scala","/Users/majewska/Documents/scalation_2.0/src/main/scala/scalation/database/mugraph_pm/MuDualSim.scala","/Users/majewska/Documents/scalation_2.0/src/main/scala/scalation/database/mugraph_pm/MuGraph.scala","/Users/majewska/Documents/scalation_2.0/src/main/scala/scalation/database/mugraph_pm/MuGraphGen.scala","/Users/majewska/Documents/scalation_2.0/src/main/scala/scalation/database/mugraph_pm/MuGraphMatcher.scala","/Users/majewska/Documents/scalation_2.0/src/main/scala/scalation/database/mugraph_pm/MuGraphSim.scala","/Users/majewska/Documents/scalation_2.0/src/main/scala/scalation/database/relation/Vectr.scala","/Users/majewska/Documents/scalation_2.0/src/main/scala/scalation/database/table/BankDB.scala","/Users/majewska/Documents/scalation_2.0/src/main/scala/scalation/database/table/GTable.scala","/Users/majewska/Documents/scalation_2.0/src/main/scala/scalation/database/table/KGTable.scala","/Users/majewska/Documents/scalation_2.0/src/main/scala/scalation/database/table/LTable.scala","/Users/majewska/Documents/scalation_2.0/src/main/scala/scalation/database/table/MovieDB.scala","/Users/majewska/Documents/scalation_2.0/src/main/scala/scalation/database/table/PurchaseOrderDB.scala","/Users/majewska/Documents/scalation_2.0/src/main/scala/scalation/database/table/TA_AssignmentDB.scala","/Users/majewska/Documents/scalation_2.0/src/main/scala/scalation/database/table/Table.scala","/Users/majewska/Documents/scalation_2.0/src/main/scala/scalation/database/table/TableGen.scala","/Users/majewska/Documents/scalation_2.0/src/main/scala/scalation/database/table/TimeComparison.scala","/Users/majewska/Documents/scalation_2.0/src/main/scala/scalation/database/table/TimeComparison2.scala","/Users/majewska/Documents/scalation_2.0/src/main/scala/scalation/database/table/VTable.scala","/Users/majewska/Documents/scalation_2.0/src/main/scala/scalation/database/triplegraph/TripleGraph.scala","/Users/majewska/Documents/scalation_2.0/src/main/scala/scalation/database/triplegraph/TripleGraphMatcher.scala","/Users/majewska/Documents/scalation_2.0/src/main/scala/scalation/database/triplegraph/TripleGraphSim.scala","/Users/majewska/Documents/scalation_2.0/src/main/scala/scalation/dynamics/BallFlight.scala","/Users/majewska/Documents/scalation_2.0/src/main/scala/scalation/dynamics/DormandPrince.scala","/Users/majewska/Documents/scalation_2.0/src/main/scala/scalation/dynamics/DynamicEq.scala","/Users/majewska/Documents/scalation_2.0/src/main/scala/scalation/dynamics/FirstOrderPDE.scala","/Users/majewska/Documents/scalation_2.0/src/main/scala/scalation/dynamics/Integrator.scala","/Users/majewska/Documents/scalation_2.0/src/main/scala/scalation/dynamics/LinearDiffEq.scala","/Users/majewska/Documents/scalation_2.0/src/main/scala/scalation/dynamics/ModRosenbrock.scala","/Users/majewska/Documents/scalation_2.0/src/main/scala/scalation/dynamics/ParabolicPDE.scala","/Users/majewska/Documents/scalation_2.0/src/main/scala/scalation/dynamics/Radau.scala","/Users/majewska/Documents/scalation_2.0/src/main/scala/scalation/dynamics/Reactions.scala","/Users/majewska/Documents/scalation_2.0/src/main/scala/scalation/dynamics/RungeKutta.scala","/Users/majewska/Documents/scalation_2.0/src/main/scala/scalation/dynamics/RungeKutta2.scala","/Users/majewska/Documents/scalation_2.0/src/main/scala/scalation/dynamics/RungeKutta3.scala","/Users/majewska/Documents/scalation_2.0/src/main/scala/scalation/mathstat/Bidiagonal.scala","/Users/majewska/Documents/scalation_2.0/src/main/scala/scalation/mathstat/Combinatorics.scala","/Users/majewska/Documents/scalation_2.0/src/main/scala/scalation/mathstat/Complex.scala","/Users/majewska/Documents/scalation_2.0/src/main/scala/scalation/mathstat/Convert.scala","/Users/majewska/Documents/scalation_2.0/src/main/scala/scalation/mathstat/Correlogram.scala","/Users/majewska/Documents/scalation_2.0/src/main/scala/scalation/mathstat/Eigen.scala","/Users/majewska/Documents/scalation_2.0/src/main/scala/scalation/mathstat/Fac_Cholesky.scala","/Users/majewska/Documents/scalation_2.0/src/main/scala/scalation/mathstat/Fac_Inverse.scala","/Users/majewska/Documents/scalation_2.0/src/main/scala/scalation/mathstat/Fac_LQ.scala","/Users/majewska/Documents/scalation_2.0/src/main/scala/scalation/mathstat/Fac_LU.scala","/Users/majewska/Documents/scalation_2.0/src/main/scala/scalation/mathstat/Fac_QR.scala","/Users/majewska/Documents/scalation_2.0/src/main/scala/scalation/mathstat/Fac_QR_RR.scala","/Users/majewska/Documents/scalation_2.0/src/main/scala/scalation/mathstat/Fac_SVD.scala","/Users/majewska/Documents/scalation_2.0/src/main/scala/scalation/mathstat/Factorization.scala","/Users/majewska/Documents/scalation_2.0/src/main/scala/scalation/mathstat/Histogram.scala","/Users/majewska/Documents/scalation_2.0/src/main/scala/scalation/mathstat/Householder.scala","/Users/majewska/Documents/scalation_2.0/src/main/scala/scalation/mathstat/InverseTest.scala","/Users/majewska/Documents/scalation_2.0/src/main/scala/scalation/mathstat/MatrixCalc.scala","/Users/majewska/Documents/scalation_2.0/src/main/scala/scalation/mathstat/MatrixD.scala","/Users/majewska/Documents/scalation_2.0/src/main/scala/scalation/mathstat/MatrixD2.scala","/Users/majewska/Documents/scalation_2.0/src/main/scala/scalation/mathstat/MatrixI.scala","/Users/majewska/Documents/scalation_2.0/src/main/scala/scalation/mathstat/PartiallyOrdered.scala","/Users/majewska/Documents/scalation_2.0/src/main/scala/scalation/mathstat/Pivoting.scala","/Users/majewska/Documents/scalation_2.0/src/main/scala/scalation/mathstat/Plot.scala","/Users/majewska/Documents/scalation_2.0/src/main/scala/scalation/mathstat/PlotC.scala","/Users/majewska/Documents/scalation_2.0/src/main/scala/scalation/mathstat/PlotM.scala","/Users/majewska/Documents/scalation_2.0/src/main/scala/scalation/mathstat/Probability.scala","/Users/majewska/Documents/scalation_2.0/src/main/scala/scalation/mathstat/RTensor4D.scala","/Users/majewska/Documents/scalation_2.0/src/main/scala/scalation/mathstat/RTensorD.scala","/Users/majewska/Documents/scalation_2.0/src/main/scala/scalation/mathstat/StatTable.scala","/Users/majewska/Documents/scalation_2.0/src/main/scala/scalation/mathstat/Statistic.scala","/Users/majewska/Documents/scalation_2.0/src/main/scala/scalation/mathstat/Stats4TS.scala","/Users/majewska/Documents/scalation_2.0/src/main/scala/scalation/mathstat/TensorD.scala","/Users/majewska/Documents/scalation_2.0/src/main/scala/scalation/mathstat/TimeStatistic.scala","/Users/majewska/Documents/scalation_2.0/src/main/scala/scalation/mathstat/TnT_Split.scala","/Users/majewska/Documents/scalation_2.0/src/main/scala/scalation/mathstat/Transform.scala","/Users/majewska/Documents/scalation_2.0/src/main/scala/scalation/mathstat/VMatrixD.scala","/Users/majewska/Documents/scalation_2.0/src/main/scala/scalation/mathstat/VectorC.scala","/Users/majewska/Documents/scalation_2.0/src/main/scala/scalation/mathstat/VectorD.scala","/Users/majewska/Documents/scalation_2.0/src/main/scala/scalation/mathstat/VectorI.scala","/Users/majewska/Documents/scalation_2.0/src/main/scala/scalation/mathstat/VectorL.scala","/Users/majewska/Documents/scalation_2.0/src/main/scala/scalation/mathstat/VectorS.scala","/Users/majewska/Documents/scalation_2.0/src/main/scala/scalation/mathstat/VectorT.scala","/Users/majewska/Documents/scalation_2.0/src/main/scala/scalation/modeling/ActivationFun.scala","/Users/majewska/Documents/scalation_2.0/src/main/scala/scalation/modeling/BridgeRegression.scala","/Users/majewska/Documents/scalation_2.0/src/main/scala/scalation/modeling/Example_AutoMPG.scala","/Users/majewska/Documents/scalation_2.0/src/main/scala/scalation/modeling/Example_BPressure.scala","/Users/majewska/Documents/scalation_2.0/src/main/scala/scalation/modeling/Example_BasketBall.scala","/Users/majewska/Documents/scalation_2.0/src/main/scala/scalation/modeling/ExpRegression.scala","/Users/majewska/Documents/scalation_2.0/src/main/scala/scalation/modeling/FeatureSelection.scala","/Users/majewska/Documents/scalation_2.0/src/main/scala/scalation/modeling/Fit.scala","/Users/majewska/Documents/scalation_2.0/src/main/scala/scalation/modeling/FitM.scala","/Users/majewska/Documents/scalation_2.0/src/main/scala/scalation/modeling/Imputation.scala","/Users/majewska/Documents/scalation_2.0/src/main/scala/scalation/modeling/Initialzer.scala","/Users/majewska/Documents/scalation_2.0/src/main/scala/scalation/modeling/KNN_Regression.scala","/Users/majewska/Documents/scalation_2.0/src/main/scala/scalation/modeling/LassoRegression.scala","/Users/majewska/Documents/scalation_2.0/src/main/scala/scalation/modeling/MatrixTransform.scala","/Users/majewska/Documents/scalation_2.0/src/main/scala/scalation/modeling/Model.scala","/Users/majewska/Documents/scalation_2.0/src/main/scala/scalation/modeling/MonitorLoss.scala","/Users/majewska/Documents/scalation_2.0/src/main/scala/scalation/modeling/NoBuildModel.scala","/Users/majewska/Documents/scalation_2.0/src/main/scala/scalation/modeling/NonlinearRegression.scala","/Users/majewska/Documents/scalation_2.0/src/main/scala/scalation/modeling/NullModel.scala","/Users/majewska/Documents/scalation_2.0/src/main/scala/scalation/modeling/Outlier.scala","/Users/majewska/Documents/scalation_2.0/src/main/scala/scalation/modeling/Perceptron.scala","/Users/majewska/Documents/scalation_2.0/src/main/scala/scalation/modeling/PoissonRegression.scala","/Users/majewska/Documents/scalation_2.0/src/main/scala/scalation/modeling/PolyORegression.scala","/Users/majewska/Documents/scalation_2.0/src/main/scala/scalation/modeling/PolyRegression.scala","/Users/majewska/Documents/scalation_2.0/src/main/scala/scalation/modeling/Predictor.scala","/Users/majewska/Documents/scalation_2.0/src/main/scala/scalation/modeling/Regression.scala","/Users/majewska/Documents/scalation_2.0/src/main/scala/scalation/modeling/RegressionCat.scala","/Users/majewska/Documents/scalation_2.0/src/main/scala/scalation/modeling/RegressionTree.scala","/Users/majewska/Documents/scalation_2.0/src/main/scala/scalation/modeling/RegressionTreeGB.scala","/Users/majewska/Documents/scalation_2.0/src/main/scala/scalation/modeling/RegressionTreeMT.scala","/Users/majewska/Documents/scalation_2.0/src/main/scala/scalation/modeling/RegressionTreeRF.scala","/Users/majewska/Documents/scalation_2.0/src/main/scala/scalation/modeling/RegressionTreeRF_MT.scala","/Users/majewska/Documents/scalation_2.0/src/main/scala/scalation/modeling/RegressionWLS.scala","/Users/majewska/Documents/scalation_2.0/src/main/scala/scalation/modeling/RidgeBridgeRegression.scala","/Users/majewska/Documents/scalation_2.0/src/main/scala/scalation/modeling/RidgeRegression.scala","/Users/majewska/Documents/scalation_2.0/src/main/scala/scalation/modeling/RoundRegression.scala","/Users/majewska/Documents/scalation_2.0/src/main/scala/scalation/modeling/Sampling.scala","/Users/majewska/Documents/scalation_2.0/src/main/scala/scalation/modeling/Scaling.scala","/Users/majewska/Documents/scalation_2.0/src/main/scala/scalation/modeling/SimpleExpRegression.scala","/Users/majewska/Documents/scalation_2.0/src/main/scala/scalation/modeling/SimpleRegression.scala","/Users/majewska/Documents/scalation_2.0/src/main/scala/scalation/modeling/SimplerRegression.scala","/Users/majewska/Documents/scalation_2.0/src/main/scala/scalation/modeling/SumQueue.scala","/Users/majewska/Documents/scalation_2.0/src/main/scala/scalation/modeling/SymLassoRegression.scala","/Users/majewska/Documents/scalation_2.0/src/main/scala/scalation/modeling/SymRidgeRegression.scala","/Users/majewska/Documents/scalation_2.0/src/main/scala/scalation/modeling/SymbolicRegression.scala","/Users/majewska/Documents/scalation_2.0/src/main/scala/scalation/modeling/TranRegression.scala","/Users/majewska/Documents/scalation_2.0/src/main/scala/scalation/modeling/TrigRegression.scala","/Users/majewska/Documents/scalation_2.0/src/main/scala/scalation/modeling/Variable.scala","/Users/majewska/Documents/scalation_2.0/src/main/scala/scalation/modeling/autograd/Adam.scala","/Users/majewska/Documents/scalation_2.0/src/main/scala/scalation/modeling/autograd/AutogradOps.scala","/Users/majewska/Documents/scalation_2.0/src/main/scala/scalation/modeling/autograd/AutogradTest.scala","/Users/majewska/Documents/scalation_2.0/src/main/scala/scalation/modeling/autograd/Function.scala","/Users/majewska/Documents/scalation_2.0/src/main/scala/scalation/modeling/autograd/Linear.scala","/Users/majewska/Documents/scalation_2.0/src/main/scala/scalation/modeling/autograd/Module.scala","/Users/majewska/Documents/scalation_2.0/src/main/scala/scalation/modeling/autograd/Optimizer.scala","/Users/majewska/Documents/scalation_2.0/src/main/scala/scalation/modeling/autograd/RNN.scala","/Users/majewska/Documents/scalation_2.0/src/main/scala/scalation/modeling/autograd/RNNTest.scala","/Users/majewska/Documents/scalation_2.0/src/main/scala/scalation/modeling/autograd/SGD.scala","/Users/majewska/Documents/scalation_2.0/src/main/scala/scalation/modeling/autograd/TensorInitializers.scala","/Users/majewska/Documents/scalation_2.0/src/main/scala/scalation/modeling/autograd/Variabl.scala","/Users/majewska/Documents/scalation_2.0/src/main/scala/scalation/modeling/classifying/BaggingTrees.scala","/Users/majewska/Documents/scalation_2.0/src/main/scala/scalation/modeling/classifying/BayesClassifier.scala","/Users/majewska/Documents/scalation_2.0/src/main/scala/scalation/modeling/classifying/Classifier.scala","/Users/majewska/Documents/scalation_2.0/src/main/scala/scalation/modeling/classifying/DecisionTree.scala","/Users/majewska/Documents/scalation_2.0/src/main/scala/scalation/modeling/classifying/DecisionTree_C45.scala","/Users/majewska/Documents/scalation_2.0/src/main/scala/scalation/modeling/classifying/DecisionTree_C45wp.scala","/Users/majewska/Documents/scalation_2.0/src/main/scala/scalation/modeling/classifying/DecisionTree_ID3.scala","/Users/majewska/Documents/scalation_2.0/src/main/scala/scalation/modeling/classifying/DecisionTree_ID3wp.scala","/Users/majewska/Documents/scalation_2.0/src/main/scala/scalation/modeling/classifying/Example_BreastCancer.scala","/Users/majewska/Documents/scalation_2.0/src/main/scala/scalation/modeling/classifying/Example_Diabetes.scala","/Users/majewska/Documents/scalation_2.0/src/main/scala/scalation/modeling/classifying/Example_Iris.scala","/Users/majewska/Documents/scalation_2.0/src/main/scala/scalation/modeling/classifying/Example_MTcars.scala","/Users/majewska/Documents/scalation_2.0/src/main/scala/scalation/modeling/classifying/Example_PlayTennis.scala","/Users/majewska/Documents/scalation_2.0/src/main/scala/scalation/modeling/classifying/Example_PlayTennis_Cont.scala","/Users/majewska/Documents/scalation_2.0/src/main/scala/scalation/modeling/classifying/FitC.scala","/Users/majewska/Documents/scalation_2.0/src/main/scala/scalation/modeling/classifying/HiddenMarkov.scala","/Users/majewska/Documents/scalation_2.0/src/main/scala/scalation/modeling/classifying/KNN_Classifier.scala","/Users/majewska/Documents/scalation_2.0/src/main/scala/scalation/modeling/classifying/LinDiscAnalyis.scala","/Users/majewska/Documents/scalation_2.0/src/main/scala/scalation/modeling/classifying/LogisticRegression.scala","/Users/majewska/Documents/scalation_2.0/src/main/scala/scalation/modeling/classifying/NaiveBayes.scala","/Users/majewska/Documents/scalation_2.0/src/main/scala/scalation/modeling/classifying/NaiveBayesR.scala","/Users/majewska/Documents/scalation_2.0/src/main/scala/scalation/modeling/classifying/NullModel.scala","/Users/majewska/Documents/scalation_2.0/src/main/scala/scalation/modeling/classifying/RandomForest.scala","/Users/majewska/Documents/scalation_2.0/src/main/scala/scalation/modeling/classifying/SimpleLDA.scala","/Users/majewska/Documents/scalation_2.0/src/main/scala/scalation/modeling/classifying/SimpleLogisticRegression.scala","/Users/majewska/Documents/scalation_2.0/src/main/scala/scalation/modeling/classifying/SupportVectorMachine.scala","/Users/majewska/Documents/scalation_2.0/src/main/scala/scalation/modeling/classifying/TANBayes.scala","/Users/majewska/Documents/scalation_2.0/src/main/scala/scalation/modeling/clustering/Cluster.scala","/Users/majewska/Documents/scalation_2.0/src/main/scala/scalation/modeling/clustering/Clusterer.scala","/Users/majewska/Documents/scalation_2.0/src/main/scala/scalation/modeling/clustering/ClusteringPredictor.scala","/Users/majewska/Documents/scalation_2.0/src/main/scala/scalation/modeling/clustering/Distance.scala","/Users/majewska/Documents/scalation_2.0/src/main/scala/scalation/modeling/clustering/GapStatistic.scala","/Users/majewska/Documents/scalation_2.0/src/main/scala/scalation/modeling/clustering/HierClusterer.scala","/Users/majewska/Documents/scalation_2.0/src/main/scala/scalation/modeling/clustering/KMeansClusterer.scala","/Users/majewska/Documents/scalation_2.0/src/main/scala/scalation/modeling/clustering/KMeansClusterer2.scala","/Users/majewska/Documents/scalation_2.0/src/main/scala/scalation/modeling/clustering/KMeansClustererHW.scala","/Users/majewska/Documents/scalation_2.0/src/main/scala/scalation/modeling/clustering/KMeansClustererPP.scala","/Users/majewska/Documents/scalation_2.0/src/main/scala/scalation/modeling/clustering/KMeansPPClusterer.scala","/Users/majewska/Documents/scalation_2.0/src/main/scala/scalation/modeling/clustering/MarkovClustering.scala","/Users/majewska/Documents/scalation_2.0/src/main/scala/scalation/modeling/clustering/RandomGraph.scala","/Users/majewska/Documents/scalation_2.0/src/main/scala/scalation/modeling/clustering/TightClusterer.scala","/Users/majewska/Documents/scalation_2.0/src/main/scala/scalation/modeling/forecasting/AR.scala","/Users/majewska/Documents/scalation_2.0/src/main/scala/scalation/modeling/forecasting/ARIMA.scala","/Users/majewska/Documents/scalation_2.0/src/main/scala/scalation/modeling/forecasting/ARIMA_diff.scala","/Users/majewska/Documents/scalation_2.0/src/main/scala/scalation/modeling/forecasting/ARMA.scala","/Users/majewska/Documents/scalation_2.0/src/main/scala/scalation/modeling/forecasting/ARX.scala","/Users/majewska/Documents/scalation_2.0/src/main/scala/scalation/modeling/forecasting/ARX_D.scala","/Users/majewska/Documents/scalation_2.0/src/main/scala/scalation/modeling/forecasting/ARX_Quad.scala","/Users/majewska/Documents/scalation_2.0/src/main/scala/scalation/modeling/forecasting/ARX_Quad_D.scala","/Users/majewska/Documents/scalation_2.0/src/main/scala/scalation/modeling/forecasting/ARX_SR.scala","/Users/majewska/Documents/scalation_2.0/src/main/scala/scalation/modeling/forecasting/ARX_SR_D.scala","/Users/majewska/Documents/scalation_2.0/src/main/scala/scalation/modeling/forecasting/ARY.scala","/Users/majewska/Documents/scalation_2.0/src/main/scala/scalation/modeling/forecasting/ARY_D.scala","/Users/majewska/Documents/scalation_2.0/src/main/scala/scalation/modeling/forecasting/ARY_Quad.scala","/Users/majewska/Documents/scalation_2.0/src/main/scala/scalation/modeling/forecasting/Baselines.scala","/Users/majewska/Documents/scalation_2.0/src/main/scala/scalation/modeling/forecasting/DTW.scala","/Users/majewska/Documents/scalation_2.0/src/main/scala/scalation/modeling/forecasting/Diagnoser.scala","/Users/majewska/Documents/scalation_2.0/src/main/scala/scalation/modeling/forecasting/Example_Covid.scala","/Users/majewska/Documents/scalation_2.0/src/main/scala/scalation/modeling/forecasting/Example_GasFurnace.scala","/Users/majewska/Documents/scalation_2.0/src/main/scala/scalation/modeling/forecasting/Example_ILI.scala","/Users/majewska/Documents/scalation_2.0/src/main/scala/scalation/modeling/forecasting/Example_LakeLevels.scala","/Users/majewska/Documents/scalation_2.0/src/main/scala/scalation/modeling/forecasting/Filter.scala","/Users/majewska/Documents/scalation_2.0/src/main/scala/scalation/modeling/forecasting/ForecastMatrix.scala","/Users/majewska/Documents/scalation_2.0/src/main/scala/scalation/modeling/forecasting/Forecaster.scala","/Users/majewska/Documents/scalation_2.0/src/main/scala/scalation/modeling/forecasting/Forecaster_D.scala","/Users/majewska/Documents/scalation_2.0/src/main/scala/scalation/modeling/forecasting/Forecaster_Reg.scala","/Users/majewska/Documents/scalation_2.0/src/main/scala/scalation/modeling/forecasting/KalmanFilter.scala","/Users/majewska/Documents/scalation_2.0/src/main/scala/scalation/modeling/forecasting/MakeMatrix4TS.scala","/Users/majewska/Documents/scalation_2.0/src/main/scala/scalation/modeling/forecasting/NullModel.scala","/Users/majewska/Documents/scalation_2.0/src/main/scala/scalation/modeling/forecasting/Periodogram.scala","/Users/majewska/Documents/scalation_2.0/src/main/scala/scalation/modeling/forecasting/RandomWalk.scala","/Users/majewska/Documents/scalation_2.0/src/main/scala/scalation/modeling/forecasting/RandomWalkS.scala","/Users/majewska/Documents/scalation_2.0/src/main/scala/scalation/modeling/forecasting/SARIMA.scala","/Users/majewska/Documents/scalation_2.0/src/main/scala/scalation/modeling/forecasting/SARY.scala","/Users/majewska/Documents/scalation_2.0/src/main/scala/scalation/modeling/forecasting/SGFilter.scala","/Users/majewska/Documents/scalation_2.0/src/main/scala/scalation/modeling/forecasting/SimpleExpSmoothing.scala","/Users/majewska/Documents/scalation_2.0/src/main/scala/scalation/modeling/forecasting/SimpleMovingAverage.scala","/Users/majewska/Documents/scalation_2.0/src/main/scala/scalation/modeling/forecasting/Stationarity.scala","/Users/majewska/Documents/scalation_2.0/src/main/scala/scalation/modeling/forecasting/Stationarity_KPSS.scala","/Users/majewska/Documents/scalation_2.0/src/main/scala/scalation/modeling/forecasting/TranARY.scala","/Users/majewska/Documents/scalation_2.0/src/main/scala/scalation/modeling/forecasting/TrendModel.scala","/Users/majewska/Documents/scalation_2.0/src/main/scala/scalation/modeling/forecasting/WeightedMovingAverage.scala","/Users/majewska/Documents/scalation_2.0/src/main/scala/scalation/modeling/forecasting/multivar/AR_Star.scala","/Users/majewska/Documents/scalation_2.0/src/main/scala/scalation/modeling/forecasting/multivar/ForecastTensor.scala","/Users/majewska/Documents/scalation_2.0/src/main/scala/scalation/modeling/forecasting/multivar/Forecaster_RegV.scala","/Users/majewska/Documents/scalation_2.0/src/main/scala/scalation/modeling/forecasting/multivar/RandomWalk_Star.scala","/Users/majewska/Documents/scalation_2.0/src/main/scala/scalation/modeling/forecasting/multivar/VAR.scala","/Users/majewska/Documents/scalation_2.0/src/main/scala/scalation/modeling/forecasting/multivar/VARX.scala","/Users/majewska/Documents/scalation_2.0/src/main/scala/scalation/modeling/forecasting/neuralforecasting/Attention.scala","/Users/majewska/Documents/scalation_2.0/src/main/scala/scalation/modeling/forecasting/neuralforecasting/DenseLayer.scala","/Users/majewska/Documents/scalation_2.0/src/main/scala/scalation/modeling/forecasting/neuralforecasting/DropoutLayer.scala","/Users/majewska/Documents/scalation_2.0/src/main/scala/scalation/modeling/forecasting/neuralforecasting/GRU.scala","/Users/majewska/Documents/scalation_2.0/src/main/scala/scalation/modeling/forecasting/neuralforecasting/LSTM.scala","/Users/majewska/Documents/scalation_2.0/src/main/scala/scalation/modeling/forecasting/neuralforecasting/LayerNorm.scala","/Users/majewska/Documents/scalation_2.0/src/main/scala/scalation/modeling/forecasting/neuralforecasting/NeuralNet_3L4TS.scala","/Users/majewska/Documents/scalation_2.0/src/main/scala/scalation/modeling/forecasting/neuralforecasting/NeuralNet_XL4TS.scala","/Users/majewska/Documents/scalation_2.0/src/main/scala/scalation/modeling/forecasting/neuralforecasting/PositionalEnc.scala","/Users/majewska/Documents/scalation_2.0/src/main/scala/scalation/modeling/forecasting/neuralforecasting/RNN.scala","/Users/majewska/Documents/scalation_2.0/src/main/scala/scalation/modeling/forecasting/neuralforecasting/RNNCell.scala","/Users/majewska/Documents/scalation_2.0/src/main/scala/scalation/modeling/forecasting/neuralforecasting/RecurrentBase.scala","/Users/majewska/Documents/scalation_2.0/src/main/scala/scalation/modeling/forecasting/neuralforecasting/TrEncoderLayer.scala","/Users/majewska/Documents/scalation_2.0/src/main/scala/scalation/modeling/forecasting/reg_trees/ForecasterX.scala","/Users/majewska/Documents/scalation_2.0/src/main/scala/scalation/modeling/forecasting/reg_trees/RegressionTreeGB4TS.scala","/Users/majewska/Documents/scalation_2.0/src/main/scala/scalation/modeling/forecasting/reg_trees/RegressionTreeGB4TS2.scala","/Users/majewska/Documents/scalation_2.0/src/main/scala/scalation/modeling/forecasting/reg_trees/RegressionTreeMT4TS.scala","/Users/majewska/Documents/scalation_2.0/src/main/scala/scalation/modeling/forecasting/reg_trees/RegressionTreeRF4TS.scala","/Users/majewska/Documents/scalation_2.0/src/main/scala/scalation/modeling/forecasting/reg_trees/RegressionTreeRF_MT4TS.scala","/Users/majewska/Documents/scalation_2.0/src/main/scala/scalation/modeling/forecasting/reg_trees/RollingValidation.scala","/Users/majewska/Documents/scalation_2.0/src/main/scala/scalation/modeling/linearRegressionExample.scala","/Users/majewska/Documents/scalation_2.0/src/main/scala/scalation/modeling/neuralnet/CNN_1D.scala","/Users/majewska/Documents/scalation_2.0/src/main/scala/scalation/modeling/neuralnet/CNN_2D.scala","/Users/majewska/Documents/scalation_2.0/src/main/scala/scalation/modeling/neuralnet/CoFilter_1D.scala","/Users/majewska/Documents/scalation_2.0/src/main/scala/scalation/modeling/neuralnet/CoFilter_2D.scala","/Users/majewska/Documents/scalation_2.0/src/main/scala/scalation/modeling/neuralnet/ELM_3L1.scala","/Users/majewska/Documents/scalation_2.0/src/main/scala/scalation/modeling/neuralnet/Example_Concrete.scala","/Users/majewska/Documents/scalation_2.0/src/main/scala/scalation/modeling/neuralnet/NetParam.scala","/Users/majewska/Documents/scalation_2.0/src/main/scala/scalation/modeling/neuralnet/NeuralNet_2L.scala","/Users/majewska/Documents/scalation_2.0/src/main/scala/scalation/modeling/neuralnet/NeuralNet_3L.scala","/Users/majewska/Documents/scalation_2.0/src/main/scala/scalation/modeling/neuralnet/NeuralNet_3L_C2.scala","/Users/majewska/Documents/scalation_2.0/src/main/scala/scalation/modeling/neuralnet/NeuralNet_3L_Ck.scala","/Users/majewska/Documents/scalation_2.0/src/main/scala/scalation/modeling/neuralnet/NeuralNet_XL.scala","/Users/majewska/Documents/scalation_2.0/src/main/scala/scalation/modeling/neuralnet/NeuralNet_XLT.scala","/Users/majewska/Documents/scalation_2.0/src/main/scala/scalation/modeling/neuralnet/Optimizer.scala","/Users/majewska/Documents/scalation_2.0/src/main/scala/scalation/modeling/neuralnet/Optimizer_Adam.scala","/Users/majewska/Documents/scalation_2.0/src/main/scala/scalation/modeling/neuralnet/Optimizer_SGD.scala","/Users/majewska/Documents/scalation_2.0/src/main/scala/scalation/modeling/neuralnet/Optimizer_SGDM.scala","/Users/majewska/Documents/scalation_2.0/src/main/scala/scalation/modeling/neuralnet/PredictorMV.scala","/Users/majewska/Documents/scalation_2.0/src/main/scala/scalation/modeling/neuralnet/RegressionMV.scala","/Users/majewska/Documents/scalation_2.0/src/main/scala/scalation/modeling/neuralnet/StoppingRule.scala","/Users/majewska/Documents/scalation_2.0/src/main/scala/scalation/optimization/BoundsConstraint.scala","/Users/majewska/Documents/scalation_2.0/src/main/scala/scalation/optimization/ConjugateGradient.scala","/Users/majewska/Documents/scalation_2.0/src/main/scala/scalation/optimization/ConjugateGradient_NoLS.scala","/Users/majewska/Documents/scalation_2.0/src/main/scala/scalation/optimization/CoordinateDescent.scala","/Users/majewska/Documents/scalation_2.0/src/main/scala/scalation/optimization/DifferentialEvolution.scala","/Users/majewska/Documents/scalation_2.0/src/main/scala/scalation/optimization/GeneticAlgorithm.scala","/Users/majewska/Documents/scalation_2.0/src/main/scala/scalation/optimization/GoldenSectionLS.scala","/Users/majewska/Documents/scalation_2.0/src/main/scala/scalation/optimization/GradientDescent.scala","/Users/majewska/Documents/scalation_2.0/src/main/scala/scalation/optimization/GradientDescent_Adam.scala","/Users/majewska/Documents/scalation_2.0/src/main/scala/scalation/optimization/GradientDescent_Mo.scala","/Users/majewska/Documents/scalation_2.0/src/main/scala/scalation/optimization/GradientDescent_Mo2.scala","/Users/majewska/Documents/scalation_2.0/src/main/scala/scalation/optimization/GradientDescent_NoLS.scala","/Users/majewska/Documents/scalation_2.0/src/main/scala/scalation/optimization/GridSearch.scala","/Users/majewska/Documents/scalation_2.0/src/main/scala/scalation/optimization/GridSearchLS.scala","/Users/majewska/Documents/scalation_2.0/src/main/scala/scalation/optimization/Hungarian.scala","/Users/majewska/Documents/scalation_2.0/src/main/scala/scalation/optimization/IntegerTabuSearch.scala","/Users/majewska/Documents/scalation_2.0/src/main/scala/scalation/optimization/LassoAddm.scala","/Users/majewska/Documents/scalation_2.0/src/main/scala/scalation/optimization/LineSearch.scala","/Users/majewska/Documents/scalation_2.0/src/main/scala/scalation/optimization/Minimize.scala","/Users/majewska/Documents/scalation_2.0/src/main/scala/scalation/optimization/Minimizer.scala","/Users/majewska/Documents/scalation_2.0/src/main/scala/scalation/optimization/MonitorEpochs.scala","/Users/majewska/Documents/scalation_2.0/src/main/scala/scalation/optimization/NLPTest.scala","/Users/majewska/Documents/scalation_2.0/src/main/scala/scalation/optimization/NelderMeadSimplex.scala","/Users/majewska/Documents/scalation_2.0/src/main/scala/scalation/optimization/NelderMeadSimplex2.scala","/Users/majewska/Documents/scalation_2.0/src/main/scala/scalation/optimization/NewtonRaphson.scala","/Users/majewska/Documents/scalation_2.0/src/main/scala/scalation/optimization/Newton_NoLS.scala","/Users/majewska/Documents/scalation_2.0/src/main/scala/scalation/optimization/PathMonitor.scala","/Users/majewska/Documents/scalation_2.0/src/main/scala/scalation/optimization/SPSA.scala","/Users/majewska/Documents/scalation_2.0/src/main/scala/scalation/optimization/StoppingRule.scala","/Users/majewska/Documents/scalation_2.0/src/main/scala/scalation/optimization/TabuSearch.scala","/Users/majewska/Documents/scalation_2.0/src/main/scala/scalation/optimization/WolfeConditions.scala","/Users/majewska/Documents/scalation_2.0/src/main/scala/scalation/optimization/WolfeLS.scala","/Users/majewska/Documents/scalation_2.0/src/main/scala/scalation/optimization/WolfeLS2.scala","/Users/majewska/Documents/scalation_2.0/src/main/scala/scalation/optimization/WolfeLS3.scala","/Users/majewska/Documents/scalation_2.0/src/main/scala/scalation/optimization/functions/BenchmarkFunction.scala","/Users/majewska/Documents/scalation_2.0/src/main/scala/scalation/optimization/functions/ExampleFunctions.scala","/Users/majewska/Documents/scalation_2.0/src/main/scala/scalation/optimization/linear_opt/CheckLP.scala","/Users/majewska/Documents/scalation_2.0/src/main/scala/scalation/optimization/linear_opt/IntegerLP.scala","/Users/majewska/Documents/scalation_2.0/src/main/scala/scalation/optimization/linear_opt/MinimizerLP.scala","/Users/majewska/Documents/scalation_2.0/src/main/scala/scalation/optimization/linear_opt/QuadraticSimplex.scala","/Users/majewska/Documents/scalation_2.0/src/main/scala/scalation/optimization/linear_opt/Simplex2P.scala","/Users/majewska/Documents/scalation_2.0/src/main/scala/scalation/optimization/quasi_newton/BFGS.scala","/Users/majewska/Documents/scalation_2.0/src/main/scala/scalation/optimization/quasi_newton/BFGS_NoLS.scala","/Users/majewska/Documents/scalation_2.0/src/main/scala/scalation/optimization/quasi_newton/DM_LBFGS.scala","/Users/majewska/Documents/scalation_2.0/src/main/scala/scalation/optimization/quasi_newton/EvaluationLogic.scala","/Users/majewska/Documents/scalation_2.0/src/main/scala/scalation/optimization/quasi_newton/FunctionEvaluation.scala","/Users/majewska/Documents/scalation_2.0/src/main/scala/scalation/optimization/quasi_newton/FunctionOptimization.scala","/Users/majewska/Documents/scalation_2.0/src/main/scala/scalation/optimization/quasi_newton/LBFGS.scala","/Users/majewska/Documents/scalation_2.0/src/main/scala/scalation/optimization/quasi_newton/LBFGSBacktrackingArmijo.scala","/Users/majewska/Documents/scalation_2.0/src/main/scala/scalation/optimization/quasi_newton/LBFGSBacktrackingOrthantWise.scala","/Users/majewska/Documents/scalation_2.0/src/main/scala/scalation/optimization/quasi_newton/LBFGSBacktrackingStrongWolfe.scala","/Users/majewska/Documents/scalation_2.0/src/main/scala/scalation/optimization/quasi_newton/LBFGSBacktrackingWolfe.scala","/Users/majewska/Documents/scalation_2.0/src/main/scala/scalation/optimization/quasi_newton/LBFGSCallbackData.scala","/Users/majewska/Documents/scalation_2.0/src/main/scala/scalation/optimization/quasi_newton/LBFGSIterationData.scala","/Users/majewska/Documents/scalation_2.0/src/main/scala/scalation/optimization/quasi_newton/LBFGSLineSearch.scala","/Users/majewska/Documents/scalation_2.0/src/main/scala/scalation/optimization/quasi_newton/LBFGSLineSearchAlg.scala","/Users/majewska/Documents/scalation_2.0/src/main/scala/scalation/optimization/quasi_newton/LBFGSLineSearchFailure.scala","/Users/majewska/Documents/scalation_2.0/src/main/scala/scalation/optimization/quasi_newton/LBFGSLineSearchStep.scala","/Users/majewska/Documents/scalation_2.0/src/main/scala/scalation/optimization/quasi_newton/LBFGSMoreThuente.scala","/Users/majewska/Documents/scalation_2.0/src/main/scala/scalation/optimization/quasi_newton/LBFGSPrms.scala","/Users/majewska/Documents/scalation_2.0/src/main/scala/scalation/optimization/quasi_newton/LBFGSResults.scala","/Users/majewska/Documents/scalation_2.0/src/main/scala/scalation/optimization/quasi_newton/LBFGSReturnCode.scala","/Users/majewska/Documents/scalation_2.0/src/main/scala/scalation/optimization/quasi_newton/LBFGS_B.scala","/Users/majewska/Documents/scalation_2.0/src/main/scala/scalation/optimization/quasi_newton/LBFGS_NoLS.scala","/Users/majewska/Documents/scalation_2.0/src/main/scala/scalation/optimization/quasi_newton/LineSearchTriInterval.scala","/Users/majewska/Documents/scalation_2.0/src/main/scala/scalation/optimization/quasi_newton/OptimizationLogic.scala","/Users/majewska/Documents/scalation_2.0/src/main/scala/scalation/optimization/quasi_newton/QNewton.scala","/Users/majewska/Documents/scalation_2.0/src/main/scala/scalation/optimization/quasi_newtonC/FunctionDescriptors.scala","/Users/majewska/Documents/scalation_2.0/src/main/scala/scalation/optimization/quasi_newtonC/FunctionOptimizationFFM.scala","/Users/majewska/Documents/scalation_2.0/src/main/scala/scalation/optimization/quasi_newtonC/LBFGS_FFM.scala","/Users/majewska/Documents/scalation_2.0/src/main/scala/scalation/optimization/quasi_newtonC/MethodTypes.scala","/Users/majewska/Documents/scalation_2.0/src/main/scala/scalation/optimization/quasi_newtonC/OptimizationLogicFFM.scala","/Users/majewska/Documents/scalation_2.0/src/main/scala/scalation/optimization/quasi_newtonC/OptimizationMethodHandlesFFM.scala","/Users/majewska/Documents/scalation_2.0/src/main/scala/scalation/random/CDF.scala","/Users/majewska/Documents/scalation_2.0/src/main/scala/scalation/random/PoissonProcess.scala","/Users/majewska/Documents/scalation_2.0/src/main/scala/scalation/random/Quantile.scala","/Users/majewska/Documents/scalation_2.0/src/main/scala/scalation/random/RNG.scala","/Users/majewska/Documents/scalation_2.0/src/main/scala/scalation/random/Random.scala","/Users/majewska/Documents/scalation_2.0/src/main/scala/scalation/random/Random0.scala","/Users/majewska/Documents/scalation_2.0/src/main/scala/scalation/random/Random2.scala","/Users/majewska/Documents/scalation_2.0/src/main/scala/scalation/random/Random3.scala","/Users/majewska/Documents/scalation_2.0/src/main/scala/scalation/random/RandomSeeds.scala","/Users/majewska/Documents/scalation_2.0/src/main/scala/scalation/random/RandomSeeds3.scala","/Users/majewska/Documents/scalation_2.0/src/main/scala/scalation/random/StreamMaker.scala","/Users/majewska/Documents/scalation_2.0/src/main/scala/scalation/random/StreamMaker3.scala","/Users/majewska/Documents/scalation_2.0/src/main/scala/scalation/random/Variate.scala","/Users/majewska/Documents/scalation_2.0/src/main/scala/scalation/random/VariateMat.scala","/Users/majewska/Documents/scalation_2.0/src/main/scala/scalation/random/VariateSet.scala","/Users/majewska/Documents/scalation_2.0/src/main/scala/scalation/random/VariateStr.scala","/Users/majewska/Documents/scalation_2.0/src/main/scala/scalation/random/VariateTen.scala","/Users/majewska/Documents/scalation_2.0/src/main/scala/scalation/random/VariateVec.scala","/Users/majewska/Documents/scalation_2.0/src/main/scala/scalation/scala2d/Arrow.scala","/Users/majewska/Documents/scalation_2.0/src/main/scala/scalation/scala2d/Base.scala","/Users/majewska/Documents/scalation_2.0/src/main/scala/scalation/scala2d/Colors.scala","/Users/majewska/Documents/scalation_2.0/src/main/scala/scalation/scala2d/CurvilinearShape.scala","/Users/majewska/Documents/scalation_2.0/src/main/scala/scalation/scala2d/ImageWriter.scala","/Users/majewska/Documents/scalation_2.0/src/main/scala/scalation/scala2d/Polygon.scala","/Users/majewska/Documents/scalation_2.0/src/main/scala/scalation/scala2d/QArrow.scala","/Users/majewska/Documents/scalation_2.0/src/main/scala/scalation/scala2d/QCurve.scala","/Users/majewska/Documents/scalation_2.0/src/main/scala/scalation/scala2d/Shapes.scala","/Users/majewska/Documents/scalation_2.0/src/main/scala/scalation/scala2d/Transform.scala","/Users/majewska/Documents/scalation_2.0/src/main/scala/scalation/scala2d/VizFrame.scala","/Users/majewska/Documents/scalation_2.0/src/main/scala/scalation/scala2d/ZoomablePanel.scala","/Users/majewska/Documents/scalation_2.0/src/main/scala/scalation/simulation/Completion.scala","/Users/majewska/Documents/scalation_2.0/src/main/scala/scalation/simulation/Coroutine.scala","/Users/majewska/Documents/scalation_2.0/src/main/scala/scalation/simulation/ErlangProcess.scala","/Users/majewska/Documents/scalation_2.0/src/main/scala/scalation/simulation/Identifiable.scala","/Users/majewska/Documents/scalation_2.0/src/main/scala/scalation/simulation/Locatable.scala","/Users/majewska/Documents/scalation_2.0/src/main/scala/scalation/simulation/Locatable2.scala","/Users/majewska/Documents/scalation_2.0/src/main/scala/scalation/simulation/Modelable.scala","/Users/majewska/Documents/scalation_2.0/src/main/scala/scalation/simulation/Monitor.scala","/Users/majewska/Documents/scalation_2.0/src/main/scala/scalation/simulation/NH_ErlangProcess.scala","/Users/majewska/Documents/scalation_2.0/src/main/scala/scalation/simulation/NH_PoissonProcess.scala","/Users/majewska/Documents/scalation_2.0/src/main/scala/scalation/simulation/PoissonProcess.scala","/Users/majewska/Documents/scalation_2.0/src/main/scala/scalation/simulation/Temporal.scala","/Users/majewska/Documents/scalation_2.0/src/main/scala/scalation/simulation/activity/PetriNet.scala","/Users/majewska/Documents/scalation_2.0/src/main/scala/scalation/simulation/activity/PetriNetRules.scala","/Users/majewska/Documents/scalation_2.0/src/main/scala/scalation/simulation/event/CausalLink.scala","/Users/majewska/Documents/scalation_2.0/src/main/scala/scalation/simulation/event/Entity.scala","/Users/majewska/Documents/scalation_2.0/src/main/scala/scalation/simulation/event/Event.scala","/Users/majewska/Documents/scalation_2.0/src/main/scala/scalation/simulation/event/EventNode.scala","/Users/majewska/Documents/scalation_2.0/src/main/scala/scalation/simulation/event/Ex_Template.scala","/Users/majewska/Documents/scalation_2.0/src/main/scala/scalation/simulation/event/Model.scala","/Users/majewska/Documents/scalation_2.0/src/main/scala/scalation/simulation/event/WaitQueue.scala","/Users/majewska/Documents/scalation_2.0/src/main/scala/scalation/simulation/event/WaitQueue_LCFS.scala","/Users/majewska/Documents/scalation_2.0/src/main/scala/scalation/simulation/event/example_1/Bank.scala","/Users/majewska/Documents/scalation_2.0/src/main/scala/scalation/simulation/event/example_1/Bank2.scala","/Users/majewska/Documents/scalation_2.0/src/main/scala/scalation/simulation/event/example_1/Bank3.scala","/Users/majewska/Documents/scalation_2.0/src/main/scala/scalation/simulation/event/example_1/CallCenter.scala","/Users/majewska/Documents/scalation_2.0/src/main/scala/scalation/simulation/event/example_1/CallCenter2.scala","/Users/majewska/Documents/scalation_2.0/src/main/scala/scalation/simulation/event/example_1/FastFood.scala","/Users/majewska/Documents/scalation_2.0/src/main/scala/scalation/simulation/event/example_1/Machine.scala","/Users/majewska/Documents/scalation_2.0/src/main/scala/scalation/simulation/event/example_1/Poisson.scala","/Users/majewska/Documents/scalation_2.0/src/main/scala/scalation/simulation/event/example_1/Poisson2.scala","/Users/majewska/Documents/scalation_2.0/src/main/scala/scalation/simulation/monte_carlo/Cards.scala","/Users/majewska/Documents/scalation_2.0/src/main/scala/scalation/simulation/monte_carlo/GrainDropping.scala","/Users/majewska/Documents/scalation_2.0/src/main/scala/scalation/simulation/monte_carlo/MonteCarloIntegration.scala","/Users/majewska/Documents/scalation_2.0/src/main/scala/scalation/simulation/monte_carlo/MontyHall.scala","/Users/majewska/Documents/scalation_2.0/src/main/scala/scalation/simulation/monte_carlo/RollDice.scala","/Users/majewska/Documents/scalation_2.0/src/main/scala/scalation/simulation/monte_carlo/SphereVolume.scala","/Users/majewska/Documents/scalation_2.0/src/main/scala/scalation/simulation/process/Bus.scala","/Users/majewska/Documents/scalation_2.0/src/main/scala/scalation/simulation/process/Component.scala","/Users/majewska/Documents/scalation_2.0/src/main/scala/scalation/simulation/process/Dynamics.scala","/Users/majewska/Documents/scalation_2.0/src/main/scala/scalation/simulation/process/Ex_Template.scala","/Users/majewska/Documents/scalation_2.0/src/main/scala/scalation/simulation/process/Gate.scala","/Users/majewska/Documents/scalation_2.0/src/main/scala/scalation/simulation/process/Junction.scala","/Users/majewska/Documents/scalation_2.0/src/main/scala/scalation/simulation/process/Model.scala","/Users/majewska/Documents/scalation_2.0/src/main/scala/scalation/simulation/process/Model_MBM.scala","/Users/majewska/Documents/scalation_2.0/src/main/scala/scalation/simulation/process/Path.scala","/Users/majewska/Documents/scalation_2.0/src/main/scala/scalation/simulation/process/Pathway.scala","/Users/majewska/Documents/scalation_2.0/src/main/scala/scalation/simulation/process/Recorder.scala","/Users/majewska/Documents/scalation_2.0/src/main/scala/scalation/simulation/process/Resource.scala","/Users/majewska/Documents/scalation_2.0/src/main/scala/scalation/simulation/process/SimActor.scala","/Users/majewska/Documents/scalation_2.0/src/main/scala/scalation/simulation/process/Sink.scala","/Users/majewska/Documents/scalation_2.0/src/main/scala/scalation/simulation/process/Source.scala","/Users/majewska/Documents/scalation_2.0/src/main/scala/scalation/simulation/process/Transport.scala","/Users/majewska/Documents/scalation_2.0/src/main/scala/scalation/simulation/process/VSource.scala","/Users/majewska/Documents/scalation_2.0/src/main/scala/scalation/simulation/process/VTransport.scala","/Users/majewska/Documents/scalation_2.0/src/main/scala/scalation/simulation/process/Vehicle.scala","/Users/majewska/Documents/scalation_2.0/src/main/scala/scalation/simulation/process/WaitQueue.scala","/Users/majewska/Documents/scalation_2.0/src/main/scala/scalation/simulation/process/WaitQueue_LCFS.scala","/Users/majewska/Documents/scalation_2.0/src/main/scala/scalation/simulation/process/example_1/Bank.scala","/Users/majewska/Documents/scalation_2.0/src/main/scala/scalation/simulation/process/example_1/CallCenter.scala","/Users/majewska/Documents/scalation_2.0/src/main/scala/scalation/simulation/process/example_1/EmerDept.scala","/Users/majewska/Documents/scalation_2.0/src/main/scala/scalation/simulation/process/example_1/Loop.scala","/Users/majewska/Documents/scalation_2.0/src/main/scala/scalation/simulation/process/example_1/Machine.scala","/Users/majewska/Documents/scalation_2.0/src/main/scala/scalation/simulation/process/example_1/OneWayStreet.scala","/Users/majewska/Documents/scalation_2.0/src/main/scala/scalation/simulation/process/example_1/OneWayVehicle.scala","/Users/majewska/Documents/scalation_2.0/src/main/scala/scalation/simulation/process/example_1/Road.scala","/Users/majewska/Documents/scalation_2.0/src/main/scala/scalation/simulation/process/example_1/Traffic.scala","/Users/majewska/Documents/scalation_2.0/src/main/scala/scalation/simulation/process/example_1/TrafficDyn.scala","/Users/majewska/Documents/scalation_2.0/src/main/scala/scalation/simulation/process/example_1/TrafficLaneChange.scala","/Users/majewska/Documents/scalation_2.0/src/main/scala/scalation/simulation/process/example_1/TrafficTurn.scala","/Users/majewska/Documents/scalation_2.0/src/main/scala/scalation/simulation/process/example_1/UGA_Bus.scala","/Users/majewska/Documents/scalation_2.0/src/main/scala/scalation/simulation/process/example_MBM/Bank.scala","/Users/majewska/Documents/scalation_2.0/src/main/scala/scalation/simulation/process/example_MIR/Bank.scala","/Users/majewska/Documents/scalation_2.0/src/main/scala/scalation/simulation/queueingnet/JacksonNet.scala","/Users/majewska/Documents/scalation_2.0/src/main/scala/scalation/simulation/queueingnet/MGc_Queue.scala","/Users/majewska/Documents/scalation_2.0/src/main/scala/scalation/simulation/queueingnet/MM_Queue.scala","/Users/majewska/Documents/scalation_2.0/src/main/scala/scalation/simulation/queueingnet/MMck_Queue.scala","/Users/majewska/Documents/scalation_2.0/src/main/scala/scalation/simulation/state/MarkovChain.scala","/Users/majewska/Documents/scalation_2.0/src/main/scala/scalation/simulation/state/MarkovChainCT.scala","/Users/majewska/Documents/scalation_2.0/src/main/scala/scalation/simulation/tableau/Ex_Bank.scala","/Users/majewska/Documents/scalation_2.0/src/main/scala/scalation/simulation/tableau/Ex_CallCenter.scala","/Users/majewska/Documents/scalation_2.0/src/main/scala/scalation/simulation/tableau/Model.scala","/Users/majewska/Documents/scalation_2.0/src/main/scala/scalation/simulation/tableau/Queue_MM1.scala"],"dependencies":[],"classpath":["/Users/majewska/Library/Caches/Coursier/v1/https/repo1.maven.org/maven2/org/scala-lang/scala3-library_3/3.7.2/scala3-library_3-3.7.2.jar","/Users/majewska/Library/Caches/Coursier/v1/https/repo1.maven.org/maven2/org/scala-lang/scala-library/2.13.16/scala-library-2.13.16.jar","/Users/majewska/Library/Caches/Coursier/v1/https/repo1.maven.org/maven2/com/sourcegraph/semanticdb-javac/0.10.0/semanticdb-javac-0.10.0.jar"],"out":"/Users/majewska/Documents/scalation_2.0/.scala-build/.bloop/scalation_2_d5c0a6989e","classesDir":"/Users/majewska/Documents/scalation_2.0/.scala-build/scalation_2_d5c0a6989e/classes/main","scala":{"organization":"org.scala-lang","name":"scala-compiler","version":"3.7.2","options":["-Xsemanticdb","-sourceroot","/Users/majewska/Documents/scalation_2.0"],"jars":["/Users/majewska/Library/Caches/Coursier/v1/https/repo1.maven.org/maven2/org/scala-lang/scala3-compiler_3/3.7.2/scala3-compiler_3-3.7.2.jar","/Users/majewska/Library/Caches/Coursier/v1/https/repo1.maven.org/maven2/org/scala-lang/scala3-interfaces/3.7.2/scala3-interfaces-3.7.2.jar","/Users/majewska/Library/Caches/Coursier/v1/https/repo1.maven.org/maven2/org/scala-lang/scala3-library_3/3.7.2/scala3-library_3-3.7.2.jar","/Users/majewska/Library/Caches/Coursier/v1/https/repo1.maven.org/maven2/org/scala-lang/tasty-core_3/3.7.2/tasty-core_3-3.7.2.jar","/Users/majewska/Library/Caches/Coursier/v1/https/repo1.maven.org/maven2/org/scala-lang/modules/scala-asm/9.8.0-scala-1/scala-asm-9.8.0-scala-1.jar","/Users/majewska/Library/Caches/Coursier/v1/https/repo1.maven.org/maven2/org/scala-sbt/compiler-interface/1.10.7/compiler-interface-1.10.7.jar","/Users/majewska/Library/Caches/Coursier/v1/https/repo1.maven.org/maven2/org/jline/jline-reader/3.29.0/jline-reader-3.29.0.jar","/Users/majewska/Library/Caches/Coursier/v1/https/repo1.maven.org/maven2/org/jline/jline-terminal/3.29.0/jline-terminal-3.29.0.jar","/Users/majewska/Library/Caches/Coursier/v1/https/repo1.maven.org/maven2/org/jline/jline-terminal-jni/3.29.0/jline-terminal-jni-3.29.0.jar","/Users/majewska/Library/Caches/Coursier/v1/https/repo1.maven.org/maven2/org/scala-lang/scala-library/2.13.16/scala-library-2.13.16.jar","/Users/majewska/Library/Caches/Coursier/v1/https/repo1.maven.org/maven2/org/scala-sbt/util-interface/1.10.7/util-interface-1.10.7.jar","/Users/majewska/Library/Caches/Coursier/v1/https/repo1.maven.org/maven2/org/jline/jline-native/3.29.0/jline-native-3.29.0.jar"],"bridgeJars":["/Users/majewska/Library/Caches/Coursier/v1/https/repo1.maven.org/maven2/org/scala-lang/scala3-sbt-bridge/3.7.2/scala3-sbt-bridge-3.7.2.jar"]},"java":{"options":["-Xplugin:semanticdb -sourceroot:/Users/majewska/Documents/scalation_2.0 -targetroot:javac-classes-directory","-J--add-exports","-Jjdk.compiler/com.sun.tools.javac.api=ALL-UNNAMED","-J--add-exports","-Jjdk.compiler/com.sun.tools.javac.code=ALL-UNNAMED","-J--add-exports","-Jjdk.compiler/com.sun.tools.javac.model=ALL-UNNAMED","-J--add-exports","-Jjdk.compiler/com.sun.tools.javac.tree=ALL-UNNAMED","-J--add-exports","-Jjdk.compiler/com.sun.tools.javac.util=ALL-UNNAMED"]},"platform":{"name":"jvm","config":{"home":"/opt/homebrew/Cellar/openjdk@17/17.0.16/libexec/openjdk.jdk/Contents/Home","options":[]},"mainClass":[]},"resolution":{"modules":[{"organization":"org.scala-lang","name":"scala3-library_3","version":"3.7.2","artifacts":[{"name":"scala3-library_3","path":"/Users/majewska/Library/Caches/Coursier/v1/https/repo1.maven.org/maven2/org/scala-lang/scala3-library_3/3.7.2/scala3-library_3-3.7.2.jar"},{"name":"scala3-library_3","classifier":"sources","path":"/Users/majewska/Library/Caches/Coursier/v1/https/repo1.maven.org/maven2/org/scala-lang/scala3-library_3/3.7.2/scala3-library_3-3.7.2-sources.jar"}]},{"organization":"org.scala-lang","name":"scala-library","version":"2.13.16","artifacts":[{"name":"scala-library","path":"/Users/majewska/Library/Caches/Coursier/v1/https/repo1.maven.org/maven2/org/scala-lang/scala-library/2.13.16/scala-library-2.13.16.jar"},{"name":"scala-library","classifier":"sources","path":"/Users/majewska/Library/Caches/Coursier/v1/https/repo1.maven.org/maven2/org/scala-lang/scala-library/2.13.16/scala-library-2.13.16-sources.jar"}]}]},"tags":["library"]}}